Workbook

Sheet RETURNS
A1: Date | B1: CH | C1: EU | D1: JP | E1: UK | F1: AU | G1: EM
A2: 32539 | B2: -0.062504688 | D2: -0.044447712 | E2: -0.02812448 | F2: 0.043549712 | G2: 0
A3: 32567 | B3: 0.020885263 | D3: 0.025662546 | E3: -0.002574518 | F3: -0.09537246 | G3: 0
A4: 32598 | B4: -0.067754324 | D4: -0.048472253 | E4: -0.030821097 | F4: 0.027843973 | G4: 0
A5: 32626 | B5: -0.0095315505 | D5: -0.0061796199 | E5: 0.0048159819 | F5: -0.025641026 | G5: 0
A6: 32659 | B6: -0.022300405 | D6: -0.070709236 | E6: -0.068691422 | F6: -0.047106496 | G6: 0
A7: 32689 | B7: 0.012938363 | D7: -0.015622767 | E7: -0.0090787565 | F7: 0.011235955 | G7: 0
A8: 32720 | B8: 0.04354604 | D8: 0.047715908 | E8: 0.079086132 | F8: 0.013729672 | G8: 0
A9: 32751 | B9: -0.049359901 | D9: -0.05587069 | E9: -0.054453356 | F9: 0.014319809 | G9: 0
A10: 32780 | B10: 0.045043537 | D10: 0.032860547 | E10: 0.037651277 | F10: 0.025421496 | G10: 0
A11: 32812 | B11: 0.0035826791 | D11: -0.024841094 | E11: -0.020324092 | F11: 0.012279304 | G11: 0
A12: 32842 | B12: 0.013991764 | D12: -0.0033760165 | E12: -0.0011448197 | F12: 0.013443427 | G12: 0
A13: 32871 | B13: 0.031867394 | D13: -0.0078763415 | E13: 0.031801894 | F13: 0.010502049 | G13: 0
... A134: 36556 | B134: -0.044132238 | D134: -0.050292552 | E134: -0.0013439407 | F134: -0.030478292 | G134: 0
A135: 36585 | B135: -0.0076496454 | C135: -0.0087823814 | D135: -0.030948189 | E135: -0.022843024 | F135: -0.030590229 | G135: 0
A136: 36616 | B136: -0.003320765 | C136: -0.011099899 | D136: 0.067599972 | E136: 0.007642657 | F136: -0.017629592 | G136: 0
A137: 36644 | B137: -0.032482628 | C137: -0.047574286 | D137: -0.055221647 | E137: -0.025170374 | F137: -0.038550202 | G137: 0
A138: 36677 | B138: 0.018407414 | C138: 0.026381731 | D138: -0.00036443585 | E138: -0.032344345 | F138: -0.019760599 | G138: 0
A139: 36707 | B139: 0.025739985 | C139: 0.013461751 | D139: 0.01028152 | E139: 0.0079384892 | F139: 0.042988807 | G139: 0
A140: 36738 | B140: -0.025258472 | C140: -0.029187246 | D140: -0.037086294 | E140: -0.010115345 | F140: -0.028271803 | G140: 0
A141: 36769 | B141: -0.044753301 | C141: -0.043847528 | D141: 0.019113064 | E141: -0.035490202 | F141: -0.0080488472 | G141: 0
A142: 36798 | B142: 0.0074627087 | C142: -0.0072030634 | D142: -0.01839571 | E142: 0.018901542 | F142: -0.058524791 | G142: 0
A143: 36830 | B143: -0.042932599 | C143: -0.039890519 | D143: -0.01380727 | E143: -0.019286397 | F143: -0.044936783 | G143: 0
A144: 36860 | B144: 0.035871431 | C144: 0.026808295 | D144: -0.017881295 | E144: -0.016154643 | F144: 0.017628221 | G144: 0
A145: 36889 | B145: 0.070440823 | C145: 0.078375859 | D145: -0.040089953 | E145: 0.04686858 | F145: 0.05820707 | G145: 0
A146: 36922 | B146: -0.017598185 | C146: -0.0079440737 | D146: -0.023616406 | E146: -0.019649186 | F146: -0.014991592 | G146: 0
... A443: 45961 | B443: -0.013931632 | C443: -0.018698067 | D443: -0.042820024 | E443: -0.022037615 | F443: -0.010739036 | G443: -0.0015336416

Sheet HEDGE RETURN
A1: Date | B1: CH | C1: EU | D1: JP | E1: UK | F1: AU | G1: EM
A2: 32539 | B2: =-RETURNS!B2 -> 0.062504688 | C2: 0 | D2: =-RETURNS!D2 -> 0.044447712 | E2: =-RETURNS!E2 -> 0.02812448 | F2: =-RETURNS!F2 -> -0.043549712 | G2: 0
A3: 32567 | B3: =-RETURNS!B3 -> -0.020885263 | C3: 0 | D3: =-RETURNS!D3 -> -0.025662546 | E3: =-RETURNS!E3 -> 0.002574518 | F3: =-RETURNS!F3 -> 0.09537246 | G3: 0
A4: 32598 | B4: =-RETURNS!B4 -> 0.067754324 | C4: 0 | D4: =-RETURNS!D4 -> 0.048472253 | E4: =-RETURNS!E4 -> 0.030821097 | F4: =-RETURNS!F4 -> -0.027843973 | G4: 0
A5: 32626 | B5: =-RETURNS!B5 -> 0.0095315505 | C5: 0 | D5: =-RETURNS!D5 -> 0.0061796199 | E5: =-RETURNS!E5 -> -0.0048159819 | F5: =-RETURNS!F5 -> 0.025641026 | G5: 0
A6: 32659 | B6: =-RETURNS!B6 -> 0.022300405 | C6: 0 | D6: =-RETURNS!D6 -> 0.070709236 | E6: =-RETURNS!E6 -> 0.068691422 | F6: =-RETURNS!F6 -> 0.047106496 | G6: 0
A7: 32689 | B7: =-RETURNS!B7 -> -0.012938363 | C7: 0 | D7: =-RETURNS!D7 -> 0.015622767 | E7: =-RETURNS!E7 -> 0.0090787565 | F7: =-RETURNS!F7 -> -0.011235955 | G7: 0
A8: 32720 | B8: =-RETURNS!B8 -> -0.04354604 | C8: 0 | D8: =-RETURNS!D8 -> -0.047715908 | E8: =-RETURNS!E8 -> -0.079086132 | F8: =-RETURNS!F8 -> -0.013729672 | G8: 0
A9: 32751 | B9: =-RETURNS!B9 -> 0.049359901 | C9: 0 | D9: =-RETURNS!D9 -> 0.05587069 | E9: =-RETURNS!E9 -> 0.054453356 | F9: =-RETURNS!F9 -> -0.014319809 | G9: 0
A10: 32780 | B10: =-RETURNS!B10 -> -0.045043537 | C10: 0 | D10: =-RETURNS!D10 -> -0.032860547 | E10: =-RETURNS!E10 -> -0.037651277 | F10: =-RETURNS!F10 -> -0.025421496 | G10: 0
A11: 32812 | B11: =-RETURNS!B11 -> -0.0035826791 | C11: 0 | D11: =-RETURNS!D11 -> 0.024841094 | E11: =-RETURNS!E11 -> 0.020324092 | F11: =-RETURNS!F11 -> -0.012279304 | G11: 0
A12: 32842 | B12: =-RETURNS!B12 -> -0.013991764 | C12: 0 | D12: =-RETURNS!D12 -> 0.0033760165 | E12: =-RETURNS!E12 -> 0.0011448197 | F12: =-RETURNS!F12 -> -0.013443427 | G12: 0
A13: 32871 | B13: =-RETURNS!B13 -> -0.031867394 | C13: 0 | D13: =-RETURNS!D13 -> 0.0078763415 | E13: =-RETURNS!E13 -> -0.031801894 | F13: =-RETURNS!F13 -> -0.010502049 | G13: 0
... A134: 36556 | B134: =-RETURNS!B134 -> 0.044132238 | C134: 0 | D134: =-RETURNS!D134 -> 0.050292552 | E134: =-RETURNS!E134 -> 0.0013439407 | F134: =-RETURNS!F134 -> 0.030478292 | G134: 0
A135: 36585 | B135: =-RETURNS!B135 -> 0.0076496454 | C135: =-RETURNS!C135 -> 0.0087823814 | D135: =-RETURNS!D135 -> 0.030948189 | E135: =-RETURNS!E135 -> 0.022843024 | F135: =-RETURNS!F135 -> 0.030590229 | G135: 0
A136: 36616 | B136: =-RETURNS!B136 -> 0.003320765 | C136: =-RETURNS!C136 -> 0.011099899 | D136: =-RETURNS!D136 -> -0.067599972 | E136: =-RETURNS!E136 -> -0.007642657 | F136: =-RETURNS!F136 -> 0.017629592 | G136: 0
A137: 36644 | B137: =-RETURNS!B137 -> 0.032482628 | C137: =-RETURNS!C137 -> 0.047574286 | D137: =-RETURNS!D137 -> 0.055221647 | E137: =-RETURNS!E137 -> 0.025170374 | F137: =-RETURNS!F137 -> 0.038550202 | G137: 0
A138: 36677 | B138: =-RETURNS!B138 -> -0.018407414 | C138: =-RETURNS!C138 -> -0.026381731 | D138: =-RETURNS!D138 -> 0.00036443585 | E138: =-RETURNS!E138 -> 0.032344345 | F138: =-RETURNS!F138 -> 0.019760599 | G138: 0
A139: 36707 | B139: =-RETURNS!B139 -> -0.025739985 | C139: =-RETURNS!C139 -> -0.013461751 | D139: =-RETURNS!D139 -> -0.01028152 | E139: =-RETURNS!E139 -> -0.0079384892 | F139: =-RETURNS!F139 -> -0.042988807 | G139: 0
A140: 36738 | B140: =-RETURNS!B140 -> 0.025258472 | C140: =-RETURNS!C140 -> 0.029187246 | D140: =-RETURNS!D140 -> 0.037086294 | E140: =-RETURNS!E140 -> 0.010115345 | F140: =-RETURNS!F140 -> 0.028271803 | G140: 0
A141: 36769 | B141: =-RETURNS!B141 -> 0.044753301 | C141: =-RETURNS!C141 -> 0.043847528 | D141: =-RETURNS!D141 -> -0.019113064 | E141: =-RETURNS!E141 -> 0.035490202 | F141: =-RETURNS!F141 -> 0.0080488472 | G141: 0
A142: 36798 | B142: =-RETURNS!B142 -> -0.0074627087 | C142: =-RETURNS!C142 -> 0.0072030634 | D142: =-RETURNS!D142 -> 0.01839571 | E142: =-RETURNS!E142 -> -0.018901542 | F142: =-RETURNS!F142 -> 0.058524791 | G142: 0
A143: 36830 | B143: =-RETURNS!B143 -> 0.042932599 | C143: =-RETURNS!C143 -> 0.039890519 | D143: =-RETURNS!D143 -> 0.01380727 | E143: =-RETURNS!E143 -> 0.019286397 | F143: =-RETURNS!F143 -> 0.044936783 | G143: 0
A144: 36860 | B144: =-RETURNS!B144 -> -0.035871431 | C144: =-RETURNS!C144 -> -0.026808295 | D144: =-RETURNS!D144 -> 0.017881295 | E144: =-RETURNS!E144 -> 0.016154643 | F144: =-RETURNS!F144 -> -0.017628221 | G144: 0
A145: 36889 | B145: =-RETURNS!B145 -> -0.070440823 | C145: =-RETURNS!C145 -> -0.078375859 | D145: =-RETURNS!D145 -> 0.040089953 | E145: =-RETURNS!E145 -> -0.04686858 | F145: =-RETURNS!F145 -> -0.05820707 | G145: 0
A146: 36922 | B146: =-RETURNS!B146 -> 0.017598185 | C146: =-RETURNS!C146 -> 0.0079440737 | D146: =-RETURNS!D146 -> 0.023616406 | E146: =-RETURNS!E146 -> 0.019649186 | F146: =-RETURNS!F146 -> 0.014991592 | G146: 0
... A261: 40421 | B261: =-RETURNS!B261 -> -0.025266876 | C261: =-RETURNS!C261 -> 0.028484259 | D261: =-RETURNS!D261 -> -0.026537935 | E261: =-RETURNS!E261 -> 0.021592163 | F261: =-RETURNS!F261 -> 0.011136649 | G261: 0
A262: 40451 | B262: =-RETURNS!B262 -> -0.032813219 | C262: =-RETURNS!C262 -> -0.075278994 | D262: =-RETURNS!D262 -> -0.007668722 | E262: =-RETURNS!E262 -> -0.024200617 | F262: =-RETURNS!F262 -> -0.090139708 | G262: =-RETURNS!G262 -> -0.02387328
A263: 40480 | B263: =-RETURNS!B263 -> 6.5456476e-06 | C263: =-RETURNS!C263 -> -0.023194462 | D263: =-RETURNS!D263 -> -0.038563748 | E263: =-RETURNS!E263 -> -0.020719239 | F263: =-RETURNS!F263 -> -0.020764011 | G263: =-RETURNS!G263 -> -0.0062792549
A264: 40512 | B264: =-RETURNS!B264 -> 0.021255812 | C264: =-RETURNS!C264 -> 0.068792981 | D264: =-RETURNS!D264 -> 0.039459264 | E264: =-RETURNS!E264 -> 0.02946771 | F264: =-RETURNS!F264 -> 0.021614683 | G264: =-RETURNS!G264 -> 0.010908996
A265: 40543 | B265: =-RETURNS!B265 -> -0.072365255 | C265: =-RETURNS!C265 -> -0.030991366 | D265: =-RETURNS!D265 -> -0.030704449 | E265: =-RETURNS!E265 -> -0.0034238013 | F265: =-RETURNS!F265 -> -0.071471202 | G265: =-RETURNS!G265 -> -0.010645376
A266: 40574 | B266: =-RETURNS!B266 -> 0.00974915 | C266: =-RETURNS!C266 -> -0.023210913 | D266: =-RETURNS!D266 -> 0.011217705 | E266: =-RETURNS!E266 -> -0.02599521 | F266: =-RETURNS!F266 -> 0.021310584 | G266: =-RETURNS!G266 -> 0.0014932278
A267: 40602 | B267: =-RETURNS!B267 -> -0.01596263 | C267: =-RETURNS!C267 -> -0.008542588 | D267: =-RETURNS!D267 -> -0.0030271914 | E267: =-RETURNS!E267 -> -0.015385365 | F267: =-RETURNS!F267 -> -0.024802102 | G267: =-RETURNS!G267 -> -0.0029892076
A268: 40633 | B268: =-RETURNS!B268 -> -0.010492756 | C268: =-RETURNS!C268 -> -0.025916009 | D268: =-RETURNS!D268 -> 0.016467792 | E268: =-RETURNS!E268 -> 0.013823575 | F268: =-RETURNS!F268 -> -0.018098879 | G268: =-RETURNS!G268 -> -0.0016338453
A269: 40662 | B269: =-RETURNS!B269 -> -0.061930174 | C269: =-RETURNS!C269 -> -0.046425179 | D269: =-RETURNS!D269 -> -0.023434766 | E269: =-RETURNS!E269 -> -0.042717269 | F269: =-RETURNS!F269 -> -0.066097874 | G269: =-RETURNS!G269 -> -0.012630156
A270: 40694 | B270: =-RETURNS!B270 -> -0.013137881 | C270: =-RETURNS!C270 -> 0.026929108 | D270: =-RETURNS!D270 -> 0.0039471235 | E270: =-RETURNS!E270 -> 0.015094538 | F270: =-RETURNS!F270 -> 0.023443934 | G270: =-RETURNS!G270 -> 0.0040014742
A271: 40724 | B271: =-RETURNS!B271 -> -0.015789423 | C271: =-RETURNS!C271 -> -0.0081005348 | D271: =-RETURNS!D271 -> -0.011878836 | E271: =-RETURNS!E271 -> 0.023622699 | F271: =-RETURNS!F271 -> -0.0087363606 | G271: =-RETURNS!G271 -> -0.0020895776
A272: 40753 | B272: =-RETURNS!B272 -> -0.069555975 | C272: =-RETURNS!C272 -> 0.0063231472 | D272: =-RETURNS!D272 -> -0.049301434 | E272: =-RETURNS!E272 -> -0.023625139 | F272: =-RETURNS!F272 -> -0.029310007 | G272: =-RETURNS!G272 -> -0.0051712993
A273: 40786 | B273: =-RETURNS!B273 -> 0.025677446 | C273: =-RETURNS!C273 -> 0.0013476143 | D273: =-RETURNS!D273 -> -0.00096561011 | E273: =-RETURNS!E273 -> 0.010397224 | F273: =-RETURNS!F273 -> 0.021825524 | G273: =-RETURNS!G273 -> -0.011599158
... A443: 45961 | B443: =-RETURNS!B443 -> 0.013931632 | C443: =-RETURNS!C443 -> 0.018698067 | D443: =-RETURNS!D443 -> 0.042820024 | E443: =-RETURNS!E443 -> 0.022037615 | F443: =-RETURNS!F443 -> 0.010739036 | G443: =-RETURNS!G443 -> 0.0015336416

Sheet SPOT
A1: Date | B1: CHFUSD | C1: EURUSD | D1: JPYUSD | E1: AUDUSD | F1: GBPUSD | G1: CNHUSD
A2: 32507 | B2: 0.6658 | D2: 0.007997 | E2: 0.8555 | F2: 1.811
A3: 32539 | B3: 0.6251 | D3: 0.007663 | E3: 0.889 | F3: 1.752
A4: 32567 | B4: 0.6431 | D4: 0.007882 | E4: 0.8015 | F4: 1.7434
A5: 32598 | B5: 0.6015 | D5: 0.007532 | E5: 0.8195 | F5: 1.6855
A6: 32626 | B6: 0.5976 | D6: 0.007527 | E6: 0.7942 | F6: 1.69
A7: 32659 | B7: 0.5862 | D7: 0.007026 | E7: 0.7525 | F7: 1.57
A8: 32689 | B8: 0.5956 | D8: 0.006944 | E8: 0.756 | F8: 1.55
A9: 32720 | B9: 0.6225 | D9: 0.007302 | E9: 0.7605 | F9: 1.666
A10: 32751 | B10: 0.5924 | D10: 0.006916 | E10: 0.765 | F10: 1.568
A11: 32780 | B11: 0.6162 | D11: 0.007163 | E11: 0.7785 | F11: 1.6205
A12: 32812 | B12: 0.6194 | D12: 0.007006 | E12: 0.7825 | F12: 1.581
A13: 32842 | B13: 0.6283 | D13: 0.006997 | E13: 0.7865 | F13: 1.5705
... A134: 36525 | B134: 0.6287 | D134: 0.009755 | E134: 0.6567 | F134: 1.6182
A135: 36556 | B135: 0.6033 | C135: 0.9707 | D135: 0.009313 | E135: 0.637 | F135: 1.6162
A136: 36585 | B136: 0.6005 | C136: 0.9642 | D136: 0.009067 | E136: 0.6178 | F136: 1.5792
A137: 36616 | B137: 0.6005 | C137: 0.9555 | D137: 0.009728 | E137: 0.6071 | F137: 1.5911
A138: 36644 | B138: 0.5827 | C138: 0.9119 | D138: 0.009243 | E138: 0.5839 | F138: 1.5513
A139: 36677 | B139: 0.5952 | C139: 0.938 | D139: 0.009289 | E139: 0.5725 | F139: 1.5014
A140: 36707 | B140: 0.6125 | C140: 0.9525 | D140: 0.009436 | E140: 0.5974 | F140: 1.5141
A141: 36738 | B141: 0.5989 | C141: 0.9266 | D141: 0.00914 | E141: 0.5808 | F141: 1.4997
A142: 36769 | B142: 0.5739 | C142: 0.8878 | D142: 0.009372 | E142: 0.5764 | F142: 1.4473
A143: 36798 | B143: 0.5798 | C143: 0.8828 | D143: 0.009247 | E143: 0.5428 | F143: 1.4754
A144: 36830 | B144: 0.5565 | C144: 0.8489 | D144: 0.009173 | E144: 0.5185 | F144: 1.4477
A145: 36860 | B145: 0.5782 | C145: 0.8729 | D145: 0.009059 | E145: 0.5278 | F145: 1.4251
A146: 36889 | B146: 0.6207 | C146: 0.9427 | D146: 0.008741 | E146: 0.5588 | F146: 1.493
... A261: 40389 | B261: 0.9605 | C261: 1.3052 | D261: 0.011568 | E261: 0.9042 | F261: 1.5689
A262: 40421 | B262: 0.9851 | C262: 1.268 | D262: 0.011878 | E262: 0.8906 | F262: 1.5348 | G262: 0.1476
A263: 40451 | B263: 1.0177 | C263: 1.3634 | D263: 0.011973 | E263: 0.9671 | F263: 1.5716 | G263: 0.151
A264: 40480 | B264: 1.018 | C264: 1.3947 | D264: 0.012438 | E264: 0.9835 | F264: 1.6038 | G264: 0.1519
A265: 40512 | B265: 0.9966 | C265: 1.2983 | D265: 0.01195 | E265: 0.9588 | F265: 1.5562 | G265: 0.1503
A266: 40543 | B266: 1.0693 | C266: 1.3384 | D266: 0.012323 | E266: 1.0233 | F266: 1.5612 | G266: 0.1519
A267: 40574 | B267: 1.0593 | C267: 1.3694 | D267: 0.012189 | E267: 0.9974 | F267: 1.6014 | G267: 0.1518
A268: 40602 | B268: 1.0765 | C268: 1.3806 | D268: 0.012228 | E268: 1.0186 | F268: 1.6257 | G268: 0.1523
A269: 40633 | B269: 1.0881 | C269: 1.4158 | D269: 0.012029 | E269: 1.0329 | F269: 1.6028 | G269: 0.1527
A270: 40662 | B270: 1.1557 | C270: 1.4807 | D270: 0.012313 | E270: 1.0971 | F270: 1.6707 | G270: 0.1548
A271: 40694 | B271: 1.1711 | C271: 1.4396 | D271: 0.012266 | E271: 1.0672 | F271: 1.6448 | G271: 0.1543
A272: 40724 | B272: 1.1898 | C272: 1.4502 | D272: 0.012413 | E272: 1.0722 | F272: 1.6053 | G272: 0.1547
A273: 40753 | B273: 1.2728 | C273: 1.4398 | D273: 0.013027 | E273: 1.0993 | F273: 1.6426 | G273: 0.1555
... A444: 45961 | B444: 1.2429 | C444: 1.1537 | D444: 0.006494 | E444: 0.6545 | F444: 1.3152 | G444: 0.1404

Sheet CHFUSD Curncy
A1: Date | B1: S CHFUSD | C1: S USDCHF | D1: FWP USDCHF | E1: FWR USDCHF | F1: FWR CHFUSD | G1: RETURN CH
A2: 32507 | B2: 0.6658 | C2: =1/B2 -> 1.5019525 | D2: -22 | E2: =C2+D2/10^4 -> 1.4997525 | F2: =1/E2 -> 0.66677667
A3: 32539 | B3: 0.6251 | C3: =1/B3 -> 1.599744 | D3: -123 | E3: =C3+D3/10^4 -> 1.587444 | F3: =1/E3 -> 0.62994347 | G3: =(B3-F2)/F2 -> -0.062504688
A4: 32567 | B4: 0.6431 | C4: =1/B4 -> 1.5549681 | D4: -51 | E4: =C4+D4/10^4 -> 1.5498681 | F4: =1/E4 -> 0.64521619 | G4: =(B4-F3)/F3 -> 0.020885263
A5: 32598 | B5: 0.6015 | C5: =1/B5 -> 1.6625104 | D5: -51 | E5: =C5+D5/10^4 -> 1.6574104 | F5: =1/E5 -> 0.60335087 | G5: =(B5-F4)/F4 -> -0.067754324
A6: 32626 | B6: 0.5976 | C6: =1/B6 -> 1.6733601 | D6: -55 | E6: =C6+D6/10^4 -> 1.6678601 | F6: =1/E6 -> 0.59957067 | G6: =(B6-F5)/F5 -> -0.0095315505
A7: 32659 | B7: 0.5862 | C7: =1/B7 -> 1.7059024 | D7: -52 | E7: =C7+D7/10^4 -> 1.7007024 | F7: =1/E7 -> 0.58799234 | G7: =(B7-F6)/F6 -> -0.022300405
A8: 32689 | B8: 0.5956 | C8: =1/B8 -> 1.6789792 | D8: -26 | E8: =C8+D8/10^4 -> 1.6763792 | F8: =1/E8 -> 0.59652375 | G8: =(B8-F7)/F7 -> 0.012938363
A9: 32720 | B9: 0.6225 | C9: =1/B9 -> 1.6064257 | D9: -16.99 | E9: =C9+D9/10^4 -> 1.6047267 | F9: =1/E9 -> 0.62315907 | G9: =(B9-F8)/F8 -> 0.04354604
A10: 32751 | B10: 0.5924 | C10: =1/B10 -> 1.6880486 | D10: 79 | E10: =C10+D10/10^4 -> 1.6959486 | F10: =1/E10 -> 0.58964051 | G10: =(B10-F9)/F9 -> -0.049359901
A11: 32780 | B11: 0.6162 | C11: =1/B11 -> 1.6228497 | D11: -26 | E11: =C11+D11/10^4 -> 1.6202497 | F11: =1/E11 -> 0.61718881 | G11: =(B11-F10)/F10 -> 0.045043537
A12: 32812 | B12: 0.6194 | C12: =1/B12 -> 1.6144656 | D12: -6 | E12: =C12+D12/10^4 -> 1.6138656 | F12: =1/E12 -> 0.61963028 | G12: =(B12-F11)/F11 -> 0.0035826791
A13: 32842 | B13: 0.6283 | C13: =1/B13 -> 1.5915964 | D13: -14.17 | E13: =C13+D13/10^4 -> 1.5901794 | F13: =1/E13 -> 0.62885987 | G13: =(B13-F12)/F12 -> 0.013991764
A14: 32871 | B14: 0.6489 | C14: =1/B14 -> 1.5410695 | D14: 18 | E14: =C14+D14/10^4 -> 1.5428695 | F14: =1/E14 -> 0.64814296 | G14: =(B14-F13)/F13 -> 0.031867394
... A444: 45961 | B444: 1.2429 | C444: =1/B444 -> 0.80456996 | D444: -28.21 | E444: =C444+D444/10^4 -> 0.80174896 | F444: =1/E444 -> 1.2472732 | G444: =(B444-F443)/F443 -> -0.013931632

Sheet EURUSD Curncy
A1: Date | B1: S EURUSD | C1: FWP EURUSD | D1: FWR EURUSD | E1: RETURN EU
A2: 36556 | B2: 0.9707 | C2: 20.43 | D2: =B2+C2/10^4 -> 0.972743
A3: 36585 | B3: 0.9642 | C3: 20.25 | D3: =B3+C3/10^4 -> 0.966225 | E3: =(B3-D2)/D2 -> -0.0087823814
A4: 36616 | B4: 0.9555 | C4: 19.5 | D4: =B4+C4/10^4 -> 0.95745 | E4: =(B4-D3)/D3 -> -0.011099899
A5: 36644 | B5: 0.9119 | C5: 19.9 | D5: =B5+C5/10^4 -> 0.91389 | E5: =(B5-D4)/D4 -> -0.047574286
A6: 36677 | B6: 0.938 | C6: 18.48 | D6: =B6+C6/10^4 -> 0.939848 | E6: =(B6-D5)/D5 -> 0.026381731
A7: 36707 | B7: 0.9525 | C7: 19.58 | D7: =B7+C7/10^4 -> 0.954458 | E7: =(B7-D6)/D6 -> 0.013461751
A8: 36738 | B8: 0.9266 | C8: 19.13 | D8: =B8+C8/10^4 -> 0.928513 | E8: =(B8-D7)/D7 -> -0.029187246
A9: 36769 | B9: 0.8878 | C9: 14.05 | D9: =B9+C9/10^4 -> 0.889205 | E9: =(B9-D8)/D8 -> -0.043847528
A10: 36798 | B10: 0.8828 | C10: 13.7 | D10: =B10+C10/10^4 -> 0.88417 | E10: =(B10-D9)/D9 -> -0.0072030634
A11: 36830 | B11: 0.8489 | C11: 12.1 | D11: =B11+C11/10^4 -> 0.85011 | E11: =(B11-D10)/D10 -> -0.039890519
A12: 36860 | B12: 0.8729 | C12: 12.85 | D12: =B12+C12/10^4 -> 0.874185 | E12: =(B12-D11)/D11 -> 0.026808295
A13: 36889 | B13: 0.9427 | C13: 14 | D13: =B13+C13/10^4 -> 0.9441 | E13: =(B13-D12)/D12 -> 0.078375859
A14: 36922 | B14: 0.9366 | C14: 5.91 | D14: =B14+C14/10^4 -> 0.937191 | E14: =(B14-D13)/D13 -> -0.0079440737
... A310: 45930 | B310: 1.1734 | C310: 22.83 | D310: =B310+C310/10^4 -> 1.175683 | E310: =(B310-D309)/D309 -> 0.0021744812
A311: 45961 | B311: 1.1537 | C311: 19.52 | D311: ='CHFUSD Curncy'!J6+C311/10^4 -> 0.001952 | E311: =('CHFUSD Curncy'!J6-D310)/D310 -> -1

Sheet JPYUSD Curncy
A1: Date | B1: S JPYUSD | C1: S USDJPY | D1: FWP USDJPY | E1: FWR JPYUSD | F1: FWR USDJPY | G1: RETURN JP
A2: 32507 | B2: 0.007997 | C2: =1/B2 -> 125.04689 | D2: -35 | E2: =C2+D2/10^2 -> 124.69689 | F2: =1/E2 -> 0.008019446
A3: 32539 | B3: 0.007663 | C3: =1/B3 -> 130.49719 | D3: -37 | E3: =C3+D3/10^2 -> 130.12719 | F3: =1/E3 -> 0.0076847888 | G3: =(B3-F2)/(F2) -> -0.044447712
A4: 32567 | B4: 0.007882 | C4: =1/B4 -> 126.87135 | D4: -54 | E4: =C4+D4/10^2 -> 126.33135 | F4: =1/E4 -> 0.0079156914 | G4: =(B4-F3)/(F3) -> 0.025662546
A5: 32598 | B5: 0.007532 | C5: =1/B5 -> 132.76686 | D5: -73.28 | E5: =C5+D5/10^2 -> 132.03406 | F5: =1/E5 -> 0.0075738032 | G5: =(B5-F4)/(F4) -> -0.048472253
A6: 32626 | B6: 0.007527 | C6: =1/B6 -> 132.85506 | D6: -59.05 | E6: =C6+D6/10^2 -> 132.26456 | F6: =1/E6 -> 0.0075606046 | G6: =(B6-F5)/(F5) -> -0.0061796199
A7: 32659 | B7: 0.007026 | C7: =1/B7 -> 142.32849 | D7: -56.91 | E7: =C7+D7/10^2 -> 141.75939 | F7: =1/E7 -> 0.0070542062 | G7: =(B7-F6)/(F6) -> -0.070709236
A8: 32689 | B8: 0.006944 | C8: =1/B8 -> 144.00922 | D8: -52.58 | E8: =C8+D8/10^2 -> 143.48342 | F8: =1/E8 -> 0.0069694465 | G8: =(B8-F7)/(F7) -> -0.015622767
A9: 32720 | B9: 0.007302 | C9: =1/B9 -> 136.94878 | D9: -43.5 | E9: =C9+D9/10^2 -> 136.51378 | F9: =1/E9 -> 0.0073252678 | G9: =(B9-F8)/(F8) -> 0.047715908
A10: 32751 | B10: 0.006916 | C10: =1/B10 -> 144.59225 | D10: -39.84 | E10: =C10+D10/10^2 -> 144.19385 | F10: =1/E10 -> 0.0069351085 | G10: =(B10-F9)/(F9) -> -0.05587069
A11: 32780 | B11: 0.007163 | C11: =1/B11 -> 139.60631 | D11: -41.72 | E11: =C11+D11/10^2 -> 139.18911 | F11: =1/E11 -> 0.0071844701 | G11: =(B11-F10)/(F10) -> 0.032860547
A12: 32812 | B12: 0.007006 | C12: =1/B12 -> 142.7348 | D12: -29.89 | E12: =C12+D12/10^2 -> 142.4359 | F12: =1/E12 -> 0.007020702 | G12: =(B12-F11)/(F11) -> -0.024841094
A13: 32842 | B13: 0.006997 | C13: =1/B13 -> 142.91839 | D13: -24.89 | E13: =C13+D13/10^2 -> 142.66949 | F13: =1/E13 -> 0.0070092069 | G13: =(B13-F12)/(F12) -> -0.0033760165
A14: 32871 | B14: 0.006954 | C14: =1/B14 -> 143.80213 | D14: -9 | E14: =C14+D14/10^2 -> 143.71213 | F14: =1/E14 -> 0.006958355 | G14: =(B14-F13)/(F13) -> -0.0078763415
... A444: 45961 | B444: 0.006494 | C444: =1/B444 -> 153.9883 | D444: -46.84 | E444: =C444+D444/10^2 -> 153.5199 | F444: =1/E444 -> 0.0065138137 | G444: =(B444-F443)/(F443) -> -0.042820024

Sheet AUDUSD Curncy
A1: Date | B1: S AUDUSD | C1: FWP AUDUSD | D1: FWR AUDUSD | E1: RETURN AU
A2: 30680 | B2: 0.902 | C2: 37 | D2: =B2+C2/10^4 -> 0.9057
A3: 30712 | B3: 0.9178 | C3: -8 | D3: =B3+C3/10^4 -> 0.917 | E3: =(B3-D2)/D2 -> 0.013359832
A4: 30741 | B4: 0.9429 | C4: -13 | D4: =B4+C4/10^4 -> 0.9416 | E4: =(B4-D3)/D3 -> 0.028244275
A5: 30771 | B5: 0.935 | C5: -25 | D5: =B5+C5/10^4 -> 0.9325 | E5: =(B5-D4)/D4 -> -0.0070093458
A6: 30802 | B6: 0.9201 | C6: -27 | D6: =B6+C6/10^4 -> 0.9174 | E6: =(B6-D5)/D5 -> -0.013297587
A7: 30833 | B7: 0.8992 | C7: -22 | D7: =B7+C7/10^4 -> 0.897 | E7: =(B7-D6)/D6 -> -0.019838675
A8: 30862 | B8: 0.8613 | C8: -3 | D8: =B8+C8/10^4 -> 0.861 | E8: =(B8-D7)/D7 -> -0.039799331
A9: 30894 | B9: 0.83 | C9: -3 | D9: =B9+C9/10^4 -> 0.8297 | E9: =(B9-D8)/D8 -> -0.036004646
A10: 30925 | B10: 0.8488 | C10: 6 | D10: =B10+C10/10^4 -> 0.8494 | E10: =(B10-D9)/D9 -> 0.023020369
A11: 30953 | B11: 0.833 | C11: 6 | D11: =B11+C11/10^4 -> 0.8336 | E11: =(B11-D10)/D10 -> -0.019307747
A12: 30986 | B12: 0.8487 | C12: -3 | D12: =B12+C12/10^4 -> 0.8484 | E12: =(B12-D11)/D11 -> 0.018114203
A13: 31016 | B13: 0.8596 | C13: -15 | D13: =B13+C13/10^4 -> 0.8581 | E13: =(B13-D12)/D12 -> 0.01320132
A14: 31047 | B14: 0.8278 | C14: -20 | D14: =B14+C14/10^4 -> 0.8258 | E14: =(B14-D13)/D13 -> -0.03531057
... A504: 45961 | B504: 0.6545 | C504: 2.36 | D504: =B504+C504/10^4 -> 0.654736 | E504: =(B504-D503)/D503 -> -0.010739036

Sheet GBPUSD Curncy
A1: Date | B1: S GBPUSD | C1: FWP GBPUSD | D1: FWR GBPUSD | E1: RETURN UK
A2: 30680 | B2: 1.4515
A3: 30712 | B3: 1.4012
A4: 30741 | B4: 1.4905
A5: 30771 | B5: 1.4375
A6: 30802 | B6: 1.398
A7: 30833 | B7: 1.3855
A8: 30862 | B8: 1.3575
A9: 30894 | B9: 1.3073
A10: 30925 | B10: 1.3075
A11: 30953 | B11: 1.234
A12: 30986 | B12: 1.2185
A13: 31016 | B13: 1.197
... A61: 32477 | B61: 1.8493
A62: 32507 | B62: 1.811 | C62: -83 | D62: =B62+C62/10^4 -> 1.8027
A63: 32539 | B63: 1.752 | C63: -41 | D63: =B63+C63/10^4 -> 1.7479 | E63: =(B63-D62)/D62 -> -0.02812448
A64: 32567 | B64: 1.7434 | C64: -42.99 | D64: =B64+C64/10^4 -> 1.739101 | E64: =(B64-D63)/D63 -> -0.002574518
A65: 32598 | B65: 1.6855 | C65: -36 | D65: =B65+C65/10^4 -> 1.6819 | E65: =(B65-D64)/D64 -> -0.030821097
A66: 32626 | B66: 1.69 | C66: -42 | D66: =B66+C66/10^4 -> 1.6858 | E66: =(B66-D65)/D65 -> 0.0048159819
A67: 32659 | B67: 1.57 | C67: -57.99 | D67: =B67+C67/10^4 -> 1.564201 | E67: =(B67-D66)/D66 -> -0.068691422
A68: 32689 | B68: 1.55 | C68: -61.01 | D68: =B68+C68/10^4 -> 1.543899 | E68: =(B68-D67)/D67 -> -0.0090787565
A69: 32720 | B69: 1.666 | C69: -77 | D69: =B69+C69/10^4 -> 1.6583 | E69: =(B69-D68)/D68 -> 0.079086132
A70: 32751 | B70: 1.568 | C70: -63 | D70: =B70+C70/10^4 -> 1.5617 | E70: =(B70-D69)/D69 -> -0.054453356
A71: 32780 | B71: 1.6205 | C71: -67.01 | D71: =B71+C71/10^4 -> 1.613799 | E71: =(B71-D70)/D70 -> 0.037651277
A72: 32812 | B72: 1.581 | C72: -87 | D72: =B72+C72/10^4 -> 1.5723 | E72: =(B72-D71)/D71 -> -0.020324092
A73: 32842 | B73: 1.5705 | C73: -77 | D73: =B73+C73/10^4 -> 1.5628 | E73: =(B73-D72)/D72 -> -0.0011448197
A74: 32871 | B74: 1.6125 | C74: -94 | D74: =B74+C74/10^4 -> 1.6031 | E74: =(B74-D73)/D73 -> 0.031801894
... A504: 45961 | B504: 1.3152 | C504: 0.95 | D504: =B504+C504/10^4 -> 1.315295 | E504: =(B504-D503)/D503 -> -0.022037615

Sheet CNHUSD Curncy
A1: Dates | B1: S CNHUSD | C1: S USDCNH | D1: FWP USDCNH | E1: FWR USDCNH | F1: FWR CNHUSD | G1: RETURN EM
A2: 40421 | B2: 0.1476 | C2: =1/B2 -> 6.7750678 | D2: =_xll.BDH("CNH1M BGN Curncy","PX_LAST","1985-01-01","","Period=M","cols=1;rows=184","DTS=H") -> #NAME? | E2: =C2+D2/10^4 -> #NAME? | F2: =1/E2 -> #NAME?
A3: 40451 | B3: 0.151 | C3: =1/B3 -> 6.6225166 | D3: 21 | E3: =C3+D3/10^4 -> 6.6246166 | F3: =1/E3 -> 0.15095213 | G3: =(B3-F2)/F2 -> #NAME?
A4: 40480 | B4: 0.1519 | C4: =1/B4 -> 6.5832785 | D4: -25 | E4: =C4+D4/10^4 -> 6.5807785 | F4: =1/E4 -> 0.15195771 | G4: =(B4-F3)/F3 -> 0.0062792549
A5: 40512 | B5: 0.1503 | C5: =1/B5 -> 6.6533599 | D5: 0 | E5: =C5+D5/10^4 -> 6.6533599 | F5: =1/E5 -> 0.1503 | G5: =(B5-F4)/F4 -> -0.010908996
A6: 40543 | B6: 0.1519 | C6: =1/B6 -> 6.5832785 | D6: -55 | E6: =C6+D6/10^4 -> 6.5777785 | F6: =1/E6 -> 0.15202701 | G6: =(B6-F5)/F5 -> 0.010645376
A7: 40574 | B7: 0.1518 | C7: =1/B7 -> 6.5876153 | D7: -20 | E7: =C7+D7/10^4 -> 6.5856153 | F7: =1/E7 -> 0.1518461 | G7: =(B7-F6)/F6 -> -0.0014932278
A8: 40602 | B8: 0.1523 | C8: =1/B8 -> 6.5659882 | D8: -65 | E8: =C8+D8/10^4 -> 6.5594882 | F8: =1/E8 -> 0.15245092 | G8: =(B8-F7)/F7 -> 0.0029892076
A9: 40633 | B9: 0.1527 | C9: =1/B9 -> 6.5487885 | D9: -72.5 | E9: =C9+D9/10^4 -> 6.5415385 | F9: =1/E9 -> 0.15286924 | G9: =(B9-F8)/F8 -> 0.0016338453
A10: 40662 | B10: 0.1548 | C10: =1/B10 -> 6.4599483 | D10: -50 | E10: =C10+D10/10^4 -> 6.4549483 | F10: =1/E10 -> 0.15491991 | G10: =(B10-F9)/F9 -> 0.012630156
A11: 40694 | B11: 0.1543 | C11: =1/B11 -> 6.4808814 | D11: -32.5 | E11: =C11+D11/10^4 -> 6.4776314 | F11: =1/E11 -> 0.15437742 | G11: =(B11-F10)/F10 -> -0.0040014742
A12: 40724 | B12: 0.1547 | C12: =1/B12 -> 6.4641241 | D12: 0 | E12: =C12+D12/10^4 -> 6.4641241 | F12: =1/E12 -> 0.1547 | G12: =(B12-F11)/F11 -> 0.0020895776
A13: 40753 | B13: 0.1555 | C13: =1/B13 -> 6.4308682 | D13: 1.5 | E13: =C13+D13/10^4 -> 6.4310182 | F13: =1/E13 -> 0.15549637 | G13: =(B13-F12)/F12 -> 0.0051712993
A14: 40786 | B14: 0.1573 | C14: =1/B14 -> 6.3572791 | D14: -6.7 | E14: =C14+D14/10^4 -> 6.3566091 | F14: =1/E14 -> 0.15731658 | G14: =(B14-F13)/F13 -> 0.011599158
... A184: 45961 | B184: 0.1404 | C184: =1/B184 -> 7.1225071 | D184: -150.66 | E184: =C184+D184/10^4 -> 7.1074411 | F184: =1/E184 -> 0.14069761 | G184: =(B184-F183)/F183 -> -0.0015336416
D185: -161.05
