Workbook

Sheet Aggregate Macro Data
C1: USA | E1: USA
A2: YEAR | B2: QUARTER | C2: RGDP Signal | D2: CPI | E2: RGDP | F2: CPI
A3: 1970 | B3: 1 | C3: -1.351925
A4: 1970 | B4: 2 | C4: -0.339425
A5: 1970 | B5: 3 | C5: 1.25055
A6: 1970 | B6: 4 | C6: 2.1273
A7: 1971 | B7: 1 | C7: 2.563775
A8: 1971 | B8: 2 | C8: 2.31585
A9: 1971 | B9: 3 | C9: 3.0822
A10: 1971 | B10: 4 | C10: 2.8333
A11: 1972 | B11: 1 | C11: 1.64665
A12: 1972 | B12: 2 | C12: 1.78015
A13: 1972 | B13: 3 | C13: -0.25815
A14: 1972 | B14: 4 | C14: -0.178375
... A52: 1982 | B52: 2 | C52: 0.052725
A53: 1982 | B53: 3 | C53: 0.310675 | D53: -1.8625
A54: 1982 | B54: 4 | C54: 1.720575 | D54: -3.1
A55: 1983 | B55: 1 | C55: 1.587925 | D55: -2.45
A56: 1983 | B56: 2 | C56: 2.195225 | D56: -0.8875
A57: 1983 | B57: 3 | C57: 2.29205 | D57: -1.8125
A58: 1983 | B58: 4 | C58: 1.92345 | D58: 0.025
A59: 1984 | B59: 1 | C59: 0.395525 | D59: 0.5625
A60: 1984 | B60: 2 | C60: -1.118425 | D60: 0.4875
A61: 1984 | B61: 3 | C61: -1.284275 | D61: 0.0125
A62: 1984 | B62: 4 | C62: -1.51585 | D62: -0.775
A63: 1985 | B63: 1 | C63: -0.319 | D63: -0.775
A64: 1985 | B64: 2 | C64: -0.345375 | D64: -0.75
... A226: 2025 | B226: 4 | C226: -0.45745 | D226: 0.58145

Sheet Business Cycle Signal
C1: US | D1: UK
A2: YEAR | B2: QUARTER
A3: 1970 | B3: 1
A4: 1970 | B4: 2
A5: 1970 | B5: 3
A6: 1970 | B6: 4
A7: 1971 | B7: 1
A8: 1971 | B8: 2
A9: 1971 | B9: 3
A10: 1971 | B10: 4
A11: 1972 | B11: 1
A12: 1972 | B12: 2
A13: 1972 | B13: 3
A14: 1972 | B14: 4
... A52: 1982 | B52: 2
A53: 1982 | B53: 3 | C53: ='Aggregate Macro Data'!C53*0.5+'Aggregate Macro Data'!D53*0.5 -> -0.7759125
A54: 1982 | B54: 4 | C54: ='Aggregate Macro Data'!C54*0.5+'Aggregate Macro Data'!D54*0.5 -> -0.6897125
A55: 1983 | B55: 1 | C55: ='Aggregate Macro Data'!C55*0.5+'Aggregate Macro Data'!D55*0.5 -> -0.4310375
A56: 1983 | B56: 2 | C56: ='Aggregate Macro Data'!C56*0.5+'Aggregate Macro Data'!D56*0.5 -> 0.6538625
A57: 1983 | B57: 3 | C57: ='Aggregate Macro Data'!C57*0.5+'Aggregate Macro Data'!D57*0.5 -> 0.239775
A58: 1983 | B58: 4 | C58: ='Aggregate Macro Data'!C58*0.5+'Aggregate Macro Data'!D58*0.5 -> 0.974225
A59: 1984 | B59: 1 | C59: ='Aggregate Macro Data'!C59*0.5+'Aggregate Macro Data'!D59*0.5 -> 0.4790125
A60: 1984 | B60: 2 | C60: ='Aggregate Macro Data'!C60*0.5+'Aggregate Macro Data'!D60*0.5 -> -0.3154625
A61: 1984 | B61: 3 | C61: ='Aggregate Macro Data'!C61*0.5+'Aggregate Macro Data'!D61*0.5 -> -0.6358875
A62: 1984 | B62: 4 | C62: ='Aggregate Macro Data'!C62*0.5+'Aggregate Macro Data'!D62*0.5 -> -1.145425
A63: 1985 | B63: 1 | C63: ='Aggregate Macro Data'!C63*0.5+'Aggregate Macro Data'!D63*0.5 -> -0.547
A64: 1985 | B64: 2 | C64: ='Aggregate Macro Data'!C64*0.5+'Aggregate Macro Data'!D64*0.5 -> -0.5476875
... A226: 2025 | B226: 4 | C226: ='Aggregate Macro Data'!C226*0.5+'Aggregate Macro Data'!D226*0.5 -> 0.062

Sheet RGDP Realized
A1: observation_date | B1: US | C1: UK | D1: CH | E1: JP | F1: AU | G1: EU
A2: 25569 | B2: 0.32279 | C2: 1.1429 | F2: 8.2555
A3: 25659 | B3: 0.16112 | C3: 2.78091 | F3: 8.29844
A4: 25750 | B4: 0.42134 | C4: 3.20575 | F4: 6.31359
A5: 25842 | B5: -0.16735 | C5: 3.65875 | F5: 4.39906
A6: 25934 | B6: 2.69716 | C6: 3.80887 | F6: 3.52489
A7: 26024 | B7: 3.10644 | C7: 3.20729 | F7: 1.91306
A8: 26115 | B8: 3.00528 | C8: 3.98843 | F8: 5.32086
A9: 26207 | B9: 4.36555 | C9: 3.46679 | F9: 4.49904
A10: 26299 | B10: 3.47251 | C10: 4.15603 | F10: 2.01422
A11: 26390 | B11: 5.25138 | C11: 5.02776 | F11: 3.83698
A12: 26481 | B12: 5.37836 | C12: 3.52759 | F12: 0.17935
A13: 26573 | B13: 6.89181 | C13: 4.7328 | F13: 1.54941
... A101: 34608 | B101: 4.11617 | C101: 3.38773 | F101: 4.8111
A102: 34700 | B102: 3.48141 | C102: 2.90608 | E102: 1.30313 | F102: 3.00794
A103: 34790 | B103: 2.40238 | C103: 2.18592 | E103: 2.82322 | F103: 2.26776
A104: 34881 | B104: 2.67333 | C104: 2.2915 | E104: 2.84477 | F104: 3.84535
A105: 34973 | B105: 2.19979 | C105: 2.17089 | E105: 3.50593 | F105: 2.68282
A106: 35065 | B106: 2.60131 | C106: 2.32845 | D106: 1.22079 | E106: 3.25003 | F106: 4.37366 | G106: 1.42273
A107: 35156 | B107: 4.00238 | C107: 2.4273 | D107: 0.57775 | E107: 3.55134 | F107: 4.55135 | G107: 1.41938
A108: 35247 | B108: 4.05013 | C108: 2.23248 | D108: -0.03197 | E108: 2.48014 | F108: 2.99573 | G108: 1.64236
A109: 35339 | B109: 4.42145 | C109: 3.33235 | D109: 0.47767 | E109: 3.37277 | F109: 3.99337 | G109: 1.98776
A110: 35431 | B110: 4.31407 | C110: 4.28557 | D110: -0.21338 | E110: 2.75827 | F110: 3.11037 | G110: 2.13139
A111: 35521 | B111: 4.31127 | C111: 5.14044 | D111: 1.85524 | E111: 0.74614 | F111: 5.53053 | G111: 2.54168
A112: 35612 | B112: 4.6747 | C112: 5.0722 | D112: 3.29485 | E112: 0.81397 | F112: 4.84857 | G112: 2.84063
A113: 35704 | B113: 4.48355 | C113: 5.19086 | D113: 3.46646 | E113: -0.26181 | F113: 5.34057 | G113: 3.36595
A114: 35796 | B114: 4.85553 | C114: 4.29748 | D114: 3.96685 | E114: -1.72755 | F114: 5.26536 | G114: 3.80396
A115: 35886 | B115: 4.09279 | C115: 3.76291 | D115: 3.6377 | E115: -1.42246 | F115: 3.24849 | G115: 2.97334
A116: 35977 | B116: 4.10345 | C116: 3.22308 | D116: 2.33222 | E116: -1.43821 | F116: 5.02302 | G116: 2.71278
A117: 36069 | B117: 4.88313 | C117: 2.36343 | D117: 1.21801 | E117: -0.68271 | F117: 5.1567 | G117: 1.94941
... A222: 45658 | B222: 2.01927 | C222: 1.29504 | D222: 2.43952 | E222: 1.83565 | F222: 1.33678 | G222: 1.62167
A223: 45748 | B223: 2.08047 | C223: 1.4 | D223: 1.28458 | E223: 1.97638 | G223: 1.52201
A224: 45839 | C224: 0 | D224: 0 | E224: 1.0747 | G224: 1.35051

Sheet CPI Realized
A1: observation_date | B1: US | C1: UK | D1: CH | E1: JP | F1: AU | G1: EU
A2: 25569 | B2: 6.16246 | C2: 4.95739 | D2: 2.31338 | E2: 7.75127
A3: 25600 | B3: 6.42458 | C3: 4.93065 | D3: 2.1236 | E3: 7.75127
A4: 25628 | B4: 6.09418 | C4: 5.14198 | D4: 2.49918 | E4: 7.7171
A5: 25659 | B5: 6.06061 | C5: 5.61884 | D5: 2.59281 | E5: 7.68362
A6: 25689 | B6: 6.04396 | C6: 6.08365 | D6: 3.13683 | E6: 7.24558
A7: 25720 | B7: 6.01093 | C7: 5.90462 | D7: 3.12241 | E7: 7.06699
A8: 25750 | B8: 5.70652 | C8: 6.66161 | D8: 3.39775 | E8: 5.74626 | F8: 3.15789
A9: 25781 | B9: 5.69106 | C9: 6.82854 | D9: 3.95298 | E9: 4.45799 | F9: 3.15789
A10: 25812 | B10: 5.66038 | C10: 7.03479 | D10: 4.50606 | E10: 5.38626 | F10: 3.15789
A11: 25842 | B11: 5.63003 | C11: 7.35736 | D11: 4.86364 | E11: 6.55787 | F11: 5.26317
A12: 25873 | B12: 5.6 | C12: 7.86515 | D12: 5.36675 | E12: 6.98859 | F12: 5.26317
A13: 25903 | B13: 5.57029 | C13: 7.88693 | D13: 5.43975 | E13: 6.97178 | F13: 5.26317
A14: 25934 | B14: 5.27704 | C14: 8.48708 | D14: 5.7882 | E14: 6.27065 | F14: 5.20833
A15: 25965 | B15: 4.72441 | C15: 8.5169 | D15: 6.24094 | E15: 6.27065 | F15: 5.20833
A16: 25993 | B16: 4.43864 | C16: 8.75912 | D16: 6.67894 | E16: 5.55555 | F16: 5.20833
A17: 26024 | B17: 4.15584 | C17: 9.41768 | D17: 6.86653 | E17: 5.82522 | F17: 5.15464
A18: 26054 | B18: 4.40415 | C18: 9.82079 | D18: 6.97602 | E18: 6.4935 | F18: 5.15464
A19: 26085 | B19: 4.38144 | C19: 10.29306 | D19: 6.58718 | E19: 6.81819 | F19: 5.15464
... A325: 35400 | B325: 3.37882 | C325: 2.81481 | D325: 0.78139 | E325: 0.62696 | F325: 1.51515
A326: 35431 | B326: 3.03814 | C326: 2.67062 | D326: 0.8301 | E326: 0.62761 | F326: 1.35952 | G326: 2.2017
A327: 35462 | B327: 3.03226 | C327: 2.36337 | D327: 0.84537 | E327: 0.62893 | F327: 1.35952 | G327: 1.97992
A328: 35490 | B328: 2.76527 | C328: 2.20913 | D328: 0.52281 | E328: 0.52301 | F328: 1.35952 | G328: 1.67582
A329: 35521 | B329: 2.43434 | C329: 2.04978 | D329: 0.5222 | E329: 1.8711 | F329: 0.29984 | G329: 1.46191
A330: 35551 | B330: 2.23785 | C330: 2.04082 | D330: 0.57668 | E330: 1.86722 | F330: 0.29984 | G330: 1.48626
A331: 35582 | B331: 2.23357 | C331: 2.03785 | D331: 0.48167 | E331: 2.18523 | F331: 0.29984 | G331: 1.51409
A332: 35612 | B332: 2.16561 | C332: 2.48902 | D332: 0.51299 | E332: 1.875 | F332: -0.44842 | G332: 1.61268
A333: 35643 | B333: 2.29008 | C333: 2.32897 | D333: 0.47459 | E333: 2.0855 | F333: -0.44842 | G333: 1.83808
A334: 35674 | B334: 2.2194 | C334: 2.17391 | D334: 0.41413 | E334: 2.3884 | F334: -0.44842 | G334: 1.69373
A335: 35704 | B335: 2.08597 | C335: 2.17077 | D335: 0.26177 | E335: 2.48705 | F335: -0.29852 | G335: 1.63591
A336: 35735 | B336: 1.89036 | C336: 2.02312 | D336: 0.41687 | E336: 2.079 | F336: -0.29852 | G336: 1.7615
A337: 35765 | B337: 1.69705 | C337: 1.8732 | D337: 0.38635 | E337: 1.76533 | F337: -0.29852 | G337: 1.60323
... A670: 45901 | B670: 3.0227 | C670: 4.1 | D670: 0.2 | E670: 2.9 | F670: 3.2 | G670: 2.21239
A671: 45931 | C671: 3.8 | D671: 0.01 | E671: 3 | F671: 3.8 | G671: 2.0789

Sheet Australia CPI (Q)
A1: observation_date | B1: AUSCPIALLQINMEI_PC1
A2: 25750 | B2: 3.15789
A3: 25842 | B3: 5.26317
A4: 25934 | B4: 5.20833
A5: 26024 | B5: 5.15464
A6: 26115 | B6: 7.14286
A7: 26207 | B7: 6.99999
A8: 26299 | B8: 6.93066
A9: 26390 | B9: 6.86279
A10: 26481 | B10: 5.71429
A11: 26573 | B11: 4.67288
A12: 26665 | B12: 5.55563
A13: 26755 | B13: 8.25679
... A220: 45658 | B220: 2.40176
